epoch,time,train/box_loss,train/cls_loss,train/dfl_loss,metrics/precision(B),metrics/recall(B),metrics/mAP50(B),metrics/mAP50-95(B),val/box_loss,val/cls_loss,val/dfl_loss,lr/pg0,lr/pg1,lr/pg2
1,12.826,4.56721,4.17399,3.38844,0,0,0,0,4.62591,4.66883,3.70637,2e-05,2e-05,2e-05
2,27.3117,4.24983,4.2801,3.40875,0,0,0,0,4.38814,4.54785,3.45426,5.9406e-05,5.9406e-05,5.9406e-05
3,41.4143,4.61997,4.23875,2.94916,0,0,0,0,4.0381,4.41584,3.07714,9.802e-05,9.802e-05,9.802e-05
4,56.6307,3.23483,3.81663,3.17256,0.00067,0.03704,0.00035,4e-05,3.67338,4.34933,2.82213,0.000135842,0.000135842,0.000135842
5,70.6222,3.65447,4.22774,2.56106,0.00133,0.07407,0.00075,8e-05,3.17537,4.23748,2.57084,0.000172872,0.000172872,0.000172872
6,83.3266,3.70056,4.27213,2.36385,0.00133,0.07407,0.00075,8e-05,3.17537,4.23748,2.57084,0.00020911,0.00020911,0.00020911
7,97.0102,3.34942,4.29931,2.69287,0.002,0.11111,0.00116,0.00015,3.30928,4.19215,2.54983,0.000244556,0.000244556,0.000244556
8,115.16,3.79376,3.72412,2.74105,0.00333,0.18519,0.00213,0.00045,3.3586,4.11674,2.38449,0.00027921,0.00027921,0.00027921
9,131.531,1.88583,5.62516,1.29025,0.00333,0.18519,0.00213,0.00045,3.3586,4.11674,2.38449,0.000313072,0.000313072,0.000313072
10,145.66,3.36316,3.82712,2.46843,0.00267,0.14815,0.00167,0.0004,3.57376,3.99364,2.23958,0.000346142,0.000346142,0.000346142
11,158.573,3.19896,3.6764,2.29504,0.00267,0.14815,0.00167,0.0004,3.57376,3.99364,2.23958,0.00037842,0.00037842,0.00037842
12,174.822,3.37744,3.65587,2.26961,0.006,0.33333,0.00423,0.00093,3.9884,4.0842,2.73724,0.000409906,0.000409906,0.000409906
13,188.921,2.88211,3.52542,1.9198,0.006,0.33333,0.00423,0.00093,3.9884,4.0842,2.73724,0.0004406,0.0004406,0.0004406
14,208.448,3.20682,4.83868,2.2292,0.006,0.33333,0.00423,0.00093,3.9884,4.0842,2.73724,0.000470502,0.000470502,0.000470502
15,236.066,2.63009,4.1623,1.65982,0.00667,0.37037,0.00521,0.00133,3.91779,4.16788,2.76491,0.000499612,0.000499612,0.000499612
16,255.64,3.05616,3.5339,2.21493,0.00667,0.37037,0.00521,0.00133,3.91779,4.16788,2.76491,0.00052793,0.00052793,0.00052793
17,272.46,3.27194,3.53154,2.42897,0.00667,0.37037,0.00521,0.00133,3.91779,4.16788,2.76491,0.000555456,0.000555456,0.000555456
18,288.468,2.92919,3.39677,1.77609,0.00667,0.37037,0.00592,0.00197,2.82266,3.96609,2.17629,0.00058219,0.00058219,0.00058219
19,301.076,2.74037,3.67435,2.28636,0.00667,0.37037,0.00592,0.00197,2.82266,3.96609,2.17629,0.000608132,0.000608132,0.000608132
20,311.887,1.23234,6.1291,0.92813,0.00667,0.37037,0.00592,0.00197,2.82266,3.96609,2.17629,0.000633282,0.000633282,0.000633282
21,325.126,3.69944,3.36668,2.16056,0.00867,0.48148,0.00744,0.00225,2.52899,3.74547,1.97002,0.00065764,0.00065764,0.00065764
22,337.271,1.37604,6.52375,1.09577,0.00867,0.48148,0.00744,0.00225,2.52899,3.74547,1.97002,0.000681206,0.000681206,0.000681206
23,353.918,2.98259,3.31428,1.79478,0.00867,0.48148,0.00744,0.00225,2.52899,3.74547,1.97002,0.00070398,0.00070398,0.00070398
24,369.003,3.04254,3.54028,1.67406,0.00867,0.48148,0.00744,0.00225,2.52899,3.74547,1.97002,0.000725962,0.000725962,0.000725962
25,380.579,2.58976,3.15637,1.83646,0.00933,0.51852,0.00866,0.00221,2.95728,3.61874,2.48576,0.000747152,0.000747152,0.000747152
26,397.594,3.21518,3.6702,2.29075,0.00933,0.51852,0.00866,0.00221,2.95728,3.61874,2.48576,0.00076755,0.00076755,0.00076755
27,419.833,2.99341,3.2721,2.05872,0.00933,0.51852,0.00866,0.00221,2.95728,3.61874,2.48576,0.000787156,0.000787156,0.000787156
28,437.628,2.57851,3.00775,1.73361,0.00933,0.51852,0.00866,0.00221,2.95728,3.61874,2.48576,0.00080597,0.00080597,0.00080597
29,451.109,2.56933,3.47591,1.78438,0.00933,0.51852,0.00866,0.00221,2.95728,3.61874,2.48576,0.000823992,0.000823992,0.000823992
30,475.876,2.38587,3.63574,1.64844,0.012,0.66667,0.01649,0.0039,2.70609,3.58752,2.18016,0.000841222,0.000841222,0.000841222
31,493.516,2.46101,3.00361,1.78184,0.012,0.66667,0.01649,0.0039,2.70609,3.58752,2.18016,0.00085766,0.00085766,0.00085766
32,514.581,2.8794,3.30917,1.87758,0.012,0.66667,0.01649,0.0039,2.70609,3.58752,2.18016,0.000873306,0.000873306,0.000873306
33,527.877,2.91406,3.07589,1.80814,0.012,0.66667,0.01649,0.0039,2.70609,3.58752,2.18016,0.00088816,0.00088816,0.00088816
34,543.934,3.0178,3.33276,2.03151,0.012,0.66667,0.01649,0.0039,2.70609,3.58752,2.18016,0.000902222,0.000902222,0.000902222
35,558.532,2.81465,3.32869,1.934,0.012,0.66667,0.01649,0.0039,2.70609,3.58752,2.18016,0.000915492,0.000915492,0.000915492
36,574.852,2.42289,3.21719,1.79743,0.01,0.55556,0.10765,0.04148,2.62952,3.51005,2.14246,0.00092797,0.00092797,0.00092797
37,597.309,2.73647,2.93737,1.59255,0.01,0.55556,0.10765,0.04148,2.62952,3.51005,2.14246,0.000939656,0.000939656,0.000939656
38,608.544,3.13513,3.40628,2.33476,0.01,0.55556,0.10765,0.04148,2.62952,3.51005,2.14246,0.00095055,0.00095055,0.00095055
39,621.982,2.77448,3.13316,2.08369,0.01,0.55556,0.10765,0.04148,2.62952,3.51005,2.14246,0.000960652,0.000960652,0.000960652
40,639.847,1.15351,7.6647,0.87332,0.01,0.55556,0.10765,0.04148,2.62952,3.51005,2.14246,0.000969962,0.000969962,0.000969962
41,663.195,2.52797,2.8751,1.75043,0.01,0.55556,0.10765,0.04148,2.62952,3.51005,2.14246,0.00097848,0.00097848,0.00097848
42,673.625,3.36122,3.03223,2.08457,0.01,0.55556,0.10765,0.04148,2.62952,3.51005,2.14246,0.000986206,0.000986206,0.000986206
43,687.378,2.8953,2.8326,1.75017,0.28887,0.18519,0.16195,0.08828,2.76056,3.38455,2.1071,0.00099314,0.00099314,0.00099314
44,699.382,2.42043,2.8745,1.59586,0.28887,0.18519,0.16195,0.08828,2.76056,3.38455,2.1071,0.000999282,0.000999282,0.000999282
45,719.202,2.36656,2.89403,1.7919,0.28887,0.18519,0.16195,0.08828,2.76056,3.38455,2.1071,0.00100463,0.00100463,0.00100463
46,738.674,2.24851,2.88571,1.71155,0.28887,0.18519,0.16195,0.08828,2.76056,3.38455,2.1071,0.00100919,0.00100919,0.00100919
47,750.135,2.16755,3.02886,1.80249,0.28887,0.18519,0.16195,0.08828,2.76056,3.38455,2.1071,0.00101296,0.00101296,0.00101296
48,760.524,2.36191,2.74958,1.70476,0.28887,0.18519,0.16195,0.08828,2.76056,3.38455,2.1071,0.00101593,0.00101593,0.00101593
49,773.188,2.44086,2.96719,1.72077,0.28887,0.18519,0.16195,0.08828,2.76056,3.38455,2.1071,0.00101811,0.00101811,0.00101811
50,784.95,2.74111,3.18863,1.91548,0.28887,0.18519,0.16195,0.08828,2.76056,3.38455,2.1071,0.0010195,0.0010195,0.0010195
51,793.712,2.30905,3.14832,1.76134,0.68517,0.14815,0.18292,0.09497,2.26067,3.12185,1.77075,0.00101,0.00101,0.00101
52,803.841,2.39549,2.90835,1.82559,0.68517,0.14815,0.18292,0.09497,2.26067,3.12185,1.77075,0.0009902,0.0009902,0.0009902
53,814.281,2.8798,3.43401,1.89073,0.68517,0.14815,0.18292,0.09497,2.26067,3.12185,1.77075,0.0009704,0.0009704,0.0009704
54,824.281,2.60563,2.70083,1.61401,0.68517,0.14815,0.18292,0.09497,2.26067,3.12185,1.77075,0.0009506,0.0009506,0.0009506
55,837.309,1.1105,7.13103,0.79772,0.68517,0.14815,0.18292,0.09497,2.26067,3.12185,1.77075,0.0009308,0.0009308,0.0009308
56,846.226,2.59002,3.85985,1.90806,0.68517,0.14815,0.18292,0.09497,2.26067,3.12185,1.77075,0.000911,0.000911,0.000911
57,856.766,2.97691,8.70789,2.11904,0.68517,0.14815,0.18292,0.09497,2.26067,3.12185,1.77075,0.0008912,0.0008912,0.0008912
58,865.541,2.65006,3.03883,1.75482,0.68517,0.14815,0.18292,0.09497,2.26067,3.12185,1.77075,0.0008714,0.0008714,0.0008714
59,876.085,2.96112,3.04385,1.61026,0.92474,0.14815,0.21416,0.10275,1.96549,2.96543,1.6294,0.0008516,0.0008516,0.0008516
60,885.649,2.60317,2.78283,1.88413,0.92474,0.14815,0.21416,0.10275,1.96549,2.96543,1.6294,0.0008318,0.0008318,0.0008318
61,899.853,2.28974,3.63266,1.67029,0.92474,0.14815,0.21416,0.10275,1.96549,2.96543,1.6294,0.000812,0.000812,0.000812
62,909.975,2.39418,3.16598,1.76981,0.92474,0.14815,0.21416,0.10275,1.96549,2.96543,1.6294,0.0007922,0.0007922,0.0007922
63,920.038,2.49306,2.70921,1.65629,0.92474,0.14815,0.21416,0.10275,1.96549,2.96543,1.6294,0.0007724,0.0007724,0.0007724
64,930.45,2.75411,2.74287,1.83011,0.92474,0.14815,0.21416,0.10275,1.96549,2.96543,1.6294,0.0007526,0.0007526,0.0007526
65,939.941,2.70295,3.25113,1.86674,0.92474,0.14815,0.21416,0.10275,1.96549,2.96543,1.6294,0.0007328,0.0007328,0.0007328
66,953.488,2.29636,2.85352,1.75435,0.92474,0.14815,0.21416,0.10275,1.96549,2.96543,1.6294,0.000713,0.000713,0.000713
67,964.421,2.05799,2.39035,1.53784,0.60984,0.18519,0.26399,0.11857,1.82241,2.70938,1.53237,0.0006932,0.0006932,0.0006932
68,975.144,2.39519,2.91137,1.63443,0.60984,0.18519,0.26399,0.11857,1.82241,2.70938,1.53237,0.0006734,0.0006734,0.0006734
69,986.809,2.09937,3.16911,1.77853,0.60984,0.18519,0.26399,0.11857,1.82241,2.70938,1.53237,0.0006536,0.0006536,0.0006536
70,999.962,2.27391,2.61264,1.62275,0.60984,0.18519,0.26399,0.11857,1.82241,2.70938,1.53237,0.0006338,0.0006338,0.0006338
71,1014.15,2.53993,2.52372,1.69205,0.60984,0.18519,0.26399,0.11857,1.82241,2.70938,1.53237,0.000614,0.000614,0.000614
72,1025.68,2.48632,2.58716,1.55123,0.60984,0.18519,0.26399,0.11857,1.82241,2.70938,1.53237,0.0005942,0.0005942,0.0005942
73,1034.67,1.06903,6.90517,0.92849,0.60984,0.18519,0.26399,0.11857,1.82241,2.70938,1.53237,0.0005744,0.0005744,0.0005744
74,1045.53,2.6394,3.05274,1.80749,0.60984,0.18519,0.26399,0.11857,1.82241,2.70938,1.53237,0.0005546,0.0005546,0.0005546
75,1055.42,2.7545,3.25729,1.8968,0.3648,0.22222,0.29228,0.13958,1.83216,2.66961,1.55723,0.0005348,0.0005348,0.0005348
76,1065.45,2.309,3.3581,1.64095,0.3648,0.22222,0.29228,0.13958,1.83216,2.66961,1.55723,0.000515,0.000515,0.000515
77,1078.4,2.44437,2.94724,1.9534,0.3648,0.22222,0.29228,0.13958,1.83216,2.66961,1.55723,0.0004952,0.0004952,0.0004952
78,1088.21,2.07992,2.841,1.63667,0.3648,0.22222,0.29228,0.13958,1.83216,2.66961,1.55723,0.0004754,0.0004754,0.0004754
79,1097.99,2.93576,2.6438,1.85285,0.3648,0.22222,0.29228,0.13958,1.83216,2.66961,1.55723,0.0004556,0.0004556,0.0004556
80,1108.27,2.3831,3.89788,1.66453,0.3648,0.22222,0.29228,0.13958,1.83216,2.66961,1.55723,0.0004358,0.0004358,0.0004358
81,1119.03,1.08005,6.2045,0.83809,0.3648,0.22222,0.29228,0.13958,1.83216,2.66961,1.55723,0.000416,0.000416,0.000416
82,1133.05,2.17299,2.70584,1.63162,0.3648,0.22222,0.29228,0.13958,1.83216,2.66961,1.55723,0.0003962,0.0003962,0.0003962
83,1144.76,1.78015,2.40568,1.53399,0.39093,0.30944,0.32853,0.1355,1.77473,2.5666,1.55314,0.0003764,0.0003764,0.0003764
84,1153.59,2.16639,3.50014,1.70469,0.39093,0.30944,0.32853,0.1355,1.77473,2.5666,1.55314,0.0003566,0.0003566,0.0003566
85,1163.18,2.85483,2.91763,1.71547,0.39093,0.30944,0.32853,0.1355,1.77473,2.5666,1.55314,0.0003368,0.0003368,0.0003368
86,1173.1,2.41829,2.84731,1.72116,0.39093,0.30944,0.32853,0.1355,1.77473,2.5666,1.55314,0.000317,0.000317,0.000317
87,1182.29,2.00361,3.07243,1.7281,0.39093,0.30944,0.32853,0.1355,1.77473,2.5666,1.55314,0.0002972,0.0002972,0.0002972
88,1194.35,2.45794,2.99349,1.79637,0.39093,0.30944,0.32853,0.1355,1.77473,2.5666,1.55314,0.0002774,0.0002774,0.0002774
89,1205.5,2.44919,2.76712,1.70872,0.39093,0.30944,0.32853,0.1355,1.77473,2.5666,1.55314,0.0002576,0.0002576,0.0002576
90,1215.54,1.88055,2.35397,1.55419,0.39093,0.30944,0.32853,0.1355,1.77473,2.5666,1.55314,0.0002378,0.0002378,0.0002378
91,1228.21,1.9857,2.92693,1.58171,0.52096,0.37037,0.37342,0.15409,1.73199,2.48051,1.52035,0.000218,0.000218,0.000218
92,1242.47,1.87499,3.12408,1.74417,0.52096,0.37037,0.37342,0.15409,1.73199,2.48051,1.52035,0.0001982,0.0001982,0.0001982
93,1255.66,2.08174,2.82658,1.6361,0.52096,0.37037,0.37342,0.15409,1.73199,2.48051,1.52035,0.0001784,0.0001784,0.0001784
94,1267.94,2.57084,3.14736,1.52383,0.52096,0.37037,0.37342,0.15409,1.73199,2.48051,1.52035,0.0001586,0.0001586,0.0001586
95,1279.56,2.07668,2.53003,1.49934,0.52096,0.37037,0.37342,0.15409,1.73199,2.48051,1.52035,0.0001388,0.0001388,0.0001388
96,1291.63,1.9859,2.845,1.71619,0.52096,0.37037,0.37342,0.15409,1.73199,2.48051,1.52035,0.000119,0.000119,0.000119
97,1302.99,2.21316,2.99012,1.57662,0.52096,0.37037,0.37342,0.15409,1.73199,2.48051,1.52035,9.92e-05,9.92e-05,9.92e-05
98,1318.56,2.43569,3.1719,1.7796,0.52096,0.37037,0.37342,0.15409,1.73199,2.48051,1.52035,7.94e-05,7.94e-05,7.94e-05
99,1331.59,1.93476,2.76218,1.46938,0.49562,0.40741,0.3878,0.18091,1.71833,2.41996,1.49777,5.96e-05,5.96e-05,5.96e-05
100,1343.65,1.95493,2.65066,1.51524,0.49562,0.40741,0.3878,0.18091,1.71833,2.41996,1.49777,3.98e-05,3.98e-05,3.98e-05
